{"model_with_layer": "9,1,5", "accuracy": 0.007948745042085648, "val_accuracy": 0.002429856453090906, "training_time": 72.82408332824707}{"model_with_layer": "9,3,5", "accuracy": 0.006389250513166189, "val_accuracy": 0.002282496774569154, "training_time": 173.58588886260986}{"model_with_layer": "9,5,5", "accuracy": 0.0057192579843103886, "val_accuracy": 0.002192697487771511, "training_time": 328.25760650634766}